epoch,train_loss,train_acc,val_loss,val_acc,test_loss,test_acc,val_f1,test_f1,seconds
1,0.6457396050652873,0.6380866425992779,0.575225263499142,0.7078651685393258,0.5741401513278234,0.699859747545582,0.5251141552511415,0.5136363636363637,7.743211269378662
2,0.5446702525934157,0.73014440433213,0.5297010581145126,0.7275280898876404,0.5348623373230912,0.7377279102384292,0.5467289719626168,0.5701149425287357,7.768019676208496
3,0.44305761332402877,0.802647412755716,0.5307601901252618,0.7317415730337079,0.5229982742086199,0.7419354838709677,0.6045548654244306,0.6290322580645161,7.692935943603516
4,0.3613174260738524,0.848676293622142,0.5872925305634402,0.7359550561797753,0.5698332098556936,0.7447405329593267,0.6115702479338843,0.6239669421487604,7.718076229095459
5,0.29948227607816563,0.871841155234657,0.6176952471893825,0.7064606741573034,0.6239192719880863,0.697054698457223,0.680916030534351,0.6717325227963525,7.754204750061035
