epoch,train_loss,train_acc,val_loss,val_acc,test_loss,test_acc,val_f1,test_f1,seconds
1,0.6715688826661965,0.5992779783393501,0.6224581405018152,0.6966292134831461,0.6157405710822235,0.7054698457223001,0.5781249999999999,0.5866141732283464,1.5326824188232422
2,0.5849697175295632,0.6904332129963899,0.5452917519580113,0.7317415730337079,0.5402682093383554,0.729312762973352,0.5820568927789934,0.5701559020044544,1.1398141384124756
3,0.47875876583060345,0.7683513838748496,0.5179326313265254,0.7359550561797753,0.5148723226610106,0.729312762973352,0.6131687242798354,0.6053169734151329,1.2166006565093994
4,0.39008108444879486,0.8152827918170878,0.5473029479551851,0.7303370786516854,0.5383616577191239,0.7194950911640954,0.6689655172413792,0.6503496503496504,1.2114648818969727
5,0.3096591267201301,0.8721419975932612,0.5146976029605008,0.7528089887640449,0.514048620201595,0.7503506311360448,0.6348547717842322,0.6276150627615062,1.20308256149292
6,0.25712574177413783,0.8932009626955475,0.5754743278696296,0.7457865168539326,0.5732004130455086,0.7391304347826086,0.6444007858546169,0.6352941176470589,1.1733291149139404
