epoch,train_loss,train_acc,val_loss,val_acc,test_loss,test_acc,val_f1,test_f1,seconds
1,0.6974331012127919,0.601684717208183,0.6703680646553468,0.6067415730337079,0.670761955403011,0.605890603085554,0.0,0.0,7.7375383377075195
2,0.6706951758347981,0.6067990373044525,0.661205566331242,0.6067415730337079,0.6621151115081755,0.605890603085554,0.0,0.0,7.748324155807495
3,0.6066810022837849,0.6693742478941035,0.5354249122437467,0.7584269662921348,0.511424909592678,0.7517531556802244,0.6518218623481781,0.6304801670146138,7.645986318588257
4,0.4034285246967265,0.8408543922984356,0.5479903194341766,0.7471910112359551,0.5242100029473218,0.7475455820476858,0.6153846153846153,0.625,7.740339517593384
5,0.2138562263241744,0.9223826714801444,0.9737012975671319,0.7303370786516854,0.8584564228713262,0.758765778401122,0.6559139784946236,0.6917562724014337,7.629250764846802
6,0.1619775122755558,0.9485559566787004,1.1869503353418929,0.7485955056179775,1.0581915639393125,0.7489481065918654,0.6497064579256361,0.6497064579256361,7.489505052566528
